title,name,product_current_price,product_old_price,product_discount,product_url,product_image_url,product_seller,product_availability,product_category,product_subcategory,product_unit,product_weight,scraping_time,timestamp_timezone,product_brand,product_ram,product_storage
بلاتنيوم – ثلاجة – 370 لتر– نوفروست – من يونيون اير – ديجيتال – اسود– URN440LBLBADTH,بلاتنيوم – ثلاجة – 370 لتر– نوفروست – من يونيون اير – ديجيتال – اسود– URN440LBLBADTH,17927.0,19720.0,9.092%,https://unionaire.com/ar/product/هيرو-كول-ثلاجة-370-لتر-نوفروست-من-ي/,https://unionaire.com/wp-content/uploads/2021/05/Uni-LOGO2x.png,Unionaire,out_of_stock,home > general,,,,2026-06-13 13:40:38,Africa/Cairo,Unionaire,,440L
O Signature Autocook Hybrid silver Gas Cooker From Unionaire – 5 Burners – C69SSGC383ICPSF1CHOS32WAL,O Signature Autocook Hybrid silver Gas Cooker From Unionaire – 5 Burners – C69SSGC383ICPSF1CHOS32WAL,20500.0,22550.0,9.091%,https://unionaire.com/product/o-signature-3-stainless-gas-cooker-from-unionaire-5-burners-c69ssgc383icpsf1chos32wal/,https://unionaire.com/wp-content/uploads/2021/05/Uni-LOGO2x.png,Unionaire,out_of_stock,home > general,,,,2026-06-13 13:40:45,Africa/Cairo,Unionaire,,
Ghusto – Refrigerator – 380 L– D-Frost -From Unionaire – DIGITAL – Silver– RD380VVDHGHUSTO,Ghusto – Refrigerator – 380 L– D-Frost -From Unionaire – DIGITAL – Silver– RD380VVDHGHUSTO,14400.0,15840.0,9.091%,https://unionaire.com/product/ghusto-refrigerator-380-l-d-frost-from-unionaire-digital-silver-rd380vvdhghusto/,https://unionaire.com/wp-content/uploads/2021/05/Uni-LOGO2x.png,Unionaire,out_of_stock,home > general,,,,2026-06-13 13:40:52,Africa/Cairo,Unionaire,,380 L
Washing Machine Diamond Drum Touch 10 kg from Unionaire – UW100TPLB2MBK,Washing Machine Diamond Drum Touch 10 kg from Unionaire – UW100TPLB2MBK,14399.0,15839.0,9.091%,https://unionaire.com/product/unionaire-washing-machine-diamond-drum-touch-10-kg/,https://unionaire.com/wp-content/uploads/2021/05/Uni-LOGO2x.png,Unionaire,out_of_stock,home > general,,,,2026-06-13 13:40:58,Africa/Cairo,Unionaire,,
Deep Freezer 5 Drawers No Frost Digital From Unionaire 205 Liters –UFN205LBLBADTS,Deep Freezer 5 Drawers No Frost Digital From Unionaire 205 Liters –UFN205LBLBADTS,16850.0,18535.0,9.091%,https://unionaire.com/product/deep-freezer-5-drawers-no-frost-digital-from-unionaire-205-liters-ufn205lblbadts/,https://unionaire.com/wp-content/uploads/2021/05/Uni-LOGO2x.png,Unionaire,out_of_stock,home > general,,,,2026-06-13 13:41:04,Africa/Cairo,Unionaire,,205 L
ديب فريزر راسي 5 درج نوفروست ديجيتال من يونيون اير 205 لتر – سيلفر – UFN205LBLVADH,ديب فريزر راسي 5 درج نوفروست ديجيتال من يونيون اير 205 لتر – سيلفر – UFN205LBLVADH,16015.0,17617.0,9.093%,https://unionaire.com/ar/product/ديب-فريزر-راسي-5-درج-نوفروست-ديجيتال-من-2/,https://unionaire.com/wp-content/uploads/2021/05/Uni-LOGO2x.png,Unionaire,out_of_stock,home > general,,,,2026-06-13 13:41:11,Africa/Cairo,Unionaire,,205L
Refrigerator – 330 L– No-Frost -From Unionaire – DIGITAL – SILVER– URN400DLVLVADTSRM,Refrigerator – 330 L– No-Frost -From Unionaire – DIGITAL – SILVER– URN400DLVLVADTSRM,15609.0,,,https://unionaire.com/product/refrigerator-330-l-no-frost-from-unionaire-digital-silver-urn400dlvlvadtsrm/,https://unionaire.com/wp-content/uploads/2021/05/Uni-LOGO2x.png,Unionaire,out_of_stock,home > general,,,,2026-06-13 13:41:17,Africa/Cairo,Unionaire,,330 L
ثلاجة – 420 لتر– نوفروست – من يونيون اير – ديجيتال – URN600CEPBLG1ADTXHRLM,ثلاجة – 420 لتر– نوفروست – من يونيون اير – ديجيتال – URN600CEPBLG1ADTXHRLM,22400.0,24640.0,9.091%,https://unionaire.com/ar/product/ثلاجة-420-لتر-نوفروست-من-يونيون-اير-13/,https://unionaire.com/wp-content/uploads/2021/05/Uni-LOGO2x.png,Unionaire,out_of_stock,home > general,,,,2026-06-13 13:41:24,Africa/Cairo,Unionaire,,
سخان مياه كهرباء اي هيت من يونيون اير ، 30 لتر- – EWH30C100VP3,سخان مياه كهرباء اي هيت من يونيون اير ، 30 لتر- – EWH30C100VP3,2629.0,,,https://unionaire.com/ar/product/سخان-مياه-كهرباء-يونيون-اير-،-30-لتر-ewh30c100vp3/,https://unionaire.com/wp-content/uploads/2021/05/Uni-LOGO2x.png,Unionaire,out_of_stock,home > general,,,,2026-06-13 13:41:30,Africa/Cairo,Unionaire,,
-يونيون اير – بوتجاز غاز جوستو – 4 شعلة – C55SSBDP427SOGUP,-يونيون اير – بوتجاز غاز جوستو – 4 شعلة – C55SSBDP427SOGUP,6650.0,7315.0,9.091%,https://unionaire.com/ar/product/يونيون-اير-بوتجاز-غاز-ماكس-13-5-شعلة-دي-3/,https://unionaire.com/wp-content/uploads/2021/05/Uni-LOGO2x.png,Unionaire,out_of_stock,home > general,,,,2026-06-13 13:41:36,Africa/Cairo,Unionaire,,
Refrigerator – 440 L– No-Frost -From Unionaire – Digital – URN600EPBG1ADTHRB,Refrigerator – 440 L– No-Frost -From Unionaire – Digital – URN600EPBG1ADTHRB,22797.0,25077.0,9.092%,https://unionaire.com/product/refrigerator-440-l-no-frost-from-unionaire-digital-urn600epbg1adthrb/,https://unionaire.com/wp-content/uploads/2021/05/Uni-LOGO2x.png,Unionaire,out_of_stock,home > general,,,,2026-06-13 13:41:43,Africa/Cairo,Unionaire,,440 L
ثلاجة – 370 لتر– نوفروست – من يونيون اير – ديجيتال – URN440LBG1ADTHRBSM,ثلاجة – 370 لتر– نوفروست – من يونيون اير – ديجيتال – URN440LBG1ADTHRBSM,17238.0,18962.0,9.092%,https://unionaire.com/ar/product/ثلاجة-350-لتر-نوفروست-من-يونيون-اير-3/,https://unionaire.com/wp-content/uploads/2021/05/Uni-LOGO2x.png,Unionaire,out_of_stock,home > general,,,,2026-06-13 13:41:49,Africa/Cairo,Unionaire,,440L
فرن كهربائي سعة 39 لتر مع شواية ومروحة من يونيون اير، اسود، MO39E32,فرن كهربائي سعة 39 لتر مع شواية ومروحة من يونيون اير، اسود، MO39E32,2375.0,2613.0,9.108%,https://unionaire.com/ar/product/فرن-كهربائي-سعة-39-لتر-مع-شواية-ومروحة-من/,https://unionaire.com/wp-content/uploads/2021/05/Uni-LOGO2x.png,Unionaire,out_of_stock,home > general,,,,2026-06-13 13:41:53,Africa/Cairo,Unionaire,,
ديب فريزر راسي 5 درج نوفروست ديجيتال من يونيون اير 205 لتر –UFN205LBLBADTH,ديب فريزر راسي 5 درج نوفروست ديجيتال من يونيون اير 205 لتر –UFN205LBLBADTH,15198.0,16718.0,9.092%,https://unionaire.com/ar/product/ديب-فريزر-راسي-5-درج-نوفروست-ديجيتال-من-3/,https://unionaire.com/wp-content/uploads/2021/05/Uni-LOGO2x.png,Unionaire,out_of_stock,home > general,,,,2026-06-13 13:41:59,Africa/Cairo,Unionaire,,205L
مروحة عامودية من يونيون اير – 18 انش – اروما – UFS18BVRAROMA,مروحة عامودية من يونيون اير – 18 انش – اروما – UFS18BVRAROMA,2975.0,3273.0,9.105%,https://unionaire.com/ar/product/مروحة-عامودية-من-يونيون-اير-18-انش-ار/,https://unionaire.com/wp-content/uploads/2021/05/Uni-LOGO2x.png,Unionaire,out_of_stock,home > general,,,,2026-06-13 13:42:03,Africa/Cairo,Unionaire,,
ثلاجة – 505 لتر– نوفروست – من يونيون اير – ديجيتال – URN700CEPBLG1ADXHRBXL,ثلاجة – 505 لتر– نوفروست – من يونيون اير – ديجيتال – URN700CEPBLG1ADXHRBXL,28400.0,31240.0,9.091%,https://unionaire.com/ar/product/ثلاجة-505-لتر-نوفروست-من-يونيون-اير-2/,https://unionaire.com/wp-content/uploads/2021/05/Uni-LOGO2x.png,Unionaire,out_of_stock,home > general,,,,2026-06-13 13:42:09,Africa/Cairo,Unionaire,,
Chest Freezer 197 Liters From Unionaire – Black – UC210BBDS,Chest Freezer 197 Liters From Unionaire – Black – UC210BBDS,10850.0,11935.0,9.091%,https://unionaire.com/product/chest-freezer-197-liters-from-unionaire-black-uc210bbds/,https://unionaire.com/wp-content/uploads/2021/05/Uni-LOGO2x.png,Unionaire,out_of_stock,home > general,,,,2026-06-13 13:42:15,Africa/Cairo,Unionaire,,197 L
مودرن – فرن استانليس غاز 60 – بلت ان – فرن بشواية – غاز – 70 لتر – BO66S1119DSFMDAL,مودرن – فرن استانليس غاز 60 – بلت ان – فرن بشواية – غاز – 70 لتر – BO66S1119DSFMDAL,12399.0,13639.0,9.092%,https://unionaire.com/ar/product/%d9%85%d9%88%d8%af%d8%b1%d9%86-%d9%81%d8%b1%d9%86-%d8%a7%d8%b3%d9%88%d8%af-%d8%ba%d8%a7%d8%b2-60-%d8%a8%d9%84%d8%aa-%d8%a7%d9%86-%d9%81%d8%b1%d9%86-%d8%a8%d8%b4%d9%88-2/,https://unionaire.com/wp-content/uploads/2021/05/Uni-LOGO2x.png,Unionaire,out_of_stock,home > general,,,,2026-06-13 13:42:20,Africa/Cairo,Unionaire,,
سخان مياه كهرباء من يونيون اير ، 50 لتر- – EWH50C150VPR3,سخان مياه كهرباء من يونيون اير ، 50 لتر- – EWH50C150VPR3,3150.0,3465.0,9.091%,https://unionaire.com/ar/product/سخان-مياه-كهرباء-سيجنتشر-من-يونيون-اير-2/,https://unionaire.com/wp-content/uploads/2021/05/Uni-LOGO2x.png,Unionaire,out_of_stock,home > general,,,,2026-06-13 13:42:26,Africa/Cairo,Unionaire,,
Refrigerator – 420 L– No-Frost -From Unionaire – Digital – URN500LBLVADTH,Refrigerator – 420 L– No-Frost -From Unionaire – Digital – URN500LBLVADTH,18960.0,20856.0,9.091%,https://unionaire.com/product/refrigerator-420-l-no-frost-from-unionaire-digital-urn500lblvadth/,https://unionaire.com/wp-content/uploads/2021/05/Uni-LOGO2x.png,Unionaire,out_of_stock,home > general,,,,2026-06-13 13:42:31,Africa/Cairo,Unionaire,,420 L
"I Chef silver edition Autocook Hybird Gas Cooker from Unionaire, 5 Burners – C69GB11GC383ICPSF1CHPC2WAL","I Chef silver edition Autocook Hybird Gas Cooker from Unionaire, 5 Burners – C69GB11GC383ICPSF1CHPC2WAL",21800.0,23980.0,9.091%,https://unionaire.com/product/i-chef-silver-edition-autocook-hybird-gas-cooker-from-unionaire-5-burners-c69gb11gc383icpsf1chpc2wal/,https://unionaire.com/wp-content/uploads/2021/05/Uni-LOGO2x.png,Unionaire,out_of_stock,home > general,,,,2026-06-13 13:42:37,Africa/Cairo,Unionaire,,69GB
تكييف – يونيون اير أرتيفاي 3 حصان- بارد/ساخن ARTIFY 024_HR – S,تكييف – يونيون اير أرتيفاي 3 حصان- بارد/ساخن ARTIFY 024_HR – S,38999.0,42899.0,9.091%,https://unionaire.com/ar/product/تكييف-يونيون-اير-أرتيفاي-برو-3-حصان-با-2/,https://unionaire.com/wp-content/uploads/2021/05/Uni-LOGO2x.png,Unionaire,out_of_stock,home > general,,,,2026-06-13 13:42:43,Africa/Cairo,Unionaire,,
O-Signature smart (stainless) Gas Cooker From Unionaire – 5 Burners – C69SSGC511ITSFOS2WAL,O-Signature smart (stainless) Gas Cooker From Unionaire – 5 Burners – C69SSGC511ITSFOS2WAL,17350.0,19085.0,9.091%,https://unionaire.com/product/o-signature-smart-stainless-gas-cooker-from-unionaire-5-burners-c69ebgc511icsfosbg2wal/,https://unionaire.com/wp-content/uploads/2021/05/Uni-LOGO2x.png,Unionaire,out_of_stock,home > general,,,,2026-06-13 13:42:48,Africa/Cairo,Unionaire,,
سخان مياة كهرباء يونيون اير، 55 لتر، EWH55C100VP3 – ابيض,سخان مياة كهرباء يونيون اير، 55 لتر، EWH55C100VP3 – ابيض,2850.0,3135.0,9.091%,https://unionaire.com/ar/product/سخان-مياة-كهرباء-يونيون-اير،-55-لتر،-ewh55c100vp3-ا/,https://unionaire.com/wp-content/uploads/2021/05/Uni-LOGO2x.png,Unionaire,out_of_stock,home > general,,,,2026-06-13 13:42:54,Africa/Cairo,Unionaire,,
جوستو – ثلاجة – 350 لتر– دي فروست – من يونيون اير – ديجيتال – لون اسود – RD350BBDVGSGHUSTO,جوستو – ثلاجة – 350 لتر– دي فروست – من يونيون اير – ديجيتال – لون اسود – RD350BBDVGSGHUSTO,13400.0,14740.0,9.091%,https://unionaire.com/ar/product/جوستو-ثلاجة-350-لتر-دي-فروست-من-يوني/,https://unionaire.com/wp-content/uploads/2021/05/Uni-LOGO2x.png,Unionaire,out_of_stock,home > general,,,,2026-06-13 13:42:59,Africa/Cairo,Unionaire,,
جوستو – ثلاجة – 380 لتر– دي فروست – من يونيون اير – ديجيتال – لون اسود – RD380BBDVGSGHUSTO,جوستو – ثلاجة – 380 لتر– دي فروست – من يونيون اير – ديجيتال – لون اسود – RD380BBDVGSGHUSTO,14400.0,15840.0,9.091%,https://unionaire.com/ar/product/جوستو-ثلاجة-380-لتر-دي-فروست-من-يوني/,https://unionaire.com/wp-content/uploads/2021/05/Uni-LOGO2x.png,Unionaire,out_of_stock,home > general,,,,2026-06-13 13:43:05,Africa/Cairo,Unionaire,,
اوه سيجنتشر 2 – مسطح بلت-ان – غاز – من يونيون اير – 4 شعلة غاز، ستانليس ستيل، 60 سم – BH5060S8ISOS يونيون اير,اوه سيجنتشر 2 – مسطح بلت-ان – غاز – من يونيون اير – 4 شعلة غاز، ستانليس ستيل، 60 سم – BH5060S8ISOS يونيون اير,5970.0,6567.0,9.091%,https://unionaire.com/ar/product/%d8%a7%d9%8a-%d9%83%d9%88%d9%83-%d8%a8%d9%88%d8%aa%d8%a7%d8%ac%d8%a7%d8%b2-%d8%a8%d9%84%d8%aa-%d8%a7%d9%86%d8%8c-%d8%ba%d8%a7%d8%b2-%d8%8c-%d9%8a%d9%88%d9%86%d9%8a%d9%88%d9%86-%d8%a7%d9%8a%d8%b1-2/,https://unionaire.com/wp-content/uploads/2021/05/Uni-LOGO2x.png,Unionaire,out_of_stock,home > general,,,,2026-06-13 13:43:10,Africa/Cairo,Unionaire,,
Airconditioner – Unionaire – Artify 2.25 HP Cool/ Heat – ARTIFY 018_HR,Airconditioner – Unionaire – Artify 2.25 HP Cool/ Heat – ARTIFY 018_HR,29000.0,,,https://unionaire.com/product/airconditioner-unionaire-artify-2-25-hp-cool-heat-artify-018_hr/,https://unionaire.com/wp-content/uploads/2021/05/Uni-LOGO2x.png,Unionaire,out_of_stock,home > general,,,,2026-06-13 13:43:15,Africa/Cairo,Unionaire,,
"Carbon Fiber Gas Cooker from Unionaire, 5 Burners- C69SSGC383ICS2FGCF2WAL","Carbon Fiber Gas Cooker from Unionaire, 5 Burners- C69SSGC383ICS2FGCF2WAL",18975.0,20873.0,9.093%,https://unionaire.com/product/carbon-fiber-gas-cooker-from-unionaire-5-burners-c69ssgc383ics2fgcf2wal/,https://unionaire.com/wp-content/uploads/2021/05/Uni-LOGO2x.png,Unionaire,out_of_stock,home > general,,,,2026-06-13 13:43:20,Africa/Cairo,Unionaire,,
-يونيون اير – بوتجاز غاز جوستو – 5 شعلة – C68SSBDC443IDSOFGUAL,-يونيون اير – بوتجاز غاز جوستو – 5 شعلة – C68SSBDC443IDSOFGUAL,10325.0,11358.0,9.095%,https://unionaire.com/ar/product/يونيون-اير-بوتجاز-غاز-جوستو-4-شعلة-c55ssb-2/,https://unionaire.com/wp-content/uploads/2021/05/Uni-LOGO2x.png,Unionaire,out_of_stock,home > general,,,,2026-06-13 13:43:26,Africa/Cairo,Unionaire,,
Airconditioner – Unionaire – Artify 3 HP Cool/Heat – ARTIFY 024_HR,Airconditioner – Unionaire – Artify 3 HP Cool/Heat – ARTIFY 024_HR,39000.0,,,https://unionaire.com/product/unionaire-air-conditioner-artify-3-hp/,https://unionaire.com/wp-content/uploads/2021/05/Uni-LOGO2x.png,Unionaire,out_of_stock,home > general,,,,2026-06-13 13:43:31,Africa/Cairo,Unionaire,,
بوتجاز غاز اورو سمارت من يونيون اير، 5 شعلة – C6090EBGC511IDSFOROS2WAL,بوتجاز غاز اورو سمارت من يونيون اير، 5 شعلة – C6090EBGC511IDSFOROS2WAL,16075.0,17683.0,9.093%,https://unionaire.com/ar/product/بوتجاز-غاز-اورو-سمارت-من-يونيون-اير،-5-ش/,https://unionaire.com/wp-content/uploads/2021/05/Uni-LOGO2x.png,Unionaire,out_of_stock,home > general,,,,2026-06-13 13:43:36,Africa/Cairo,Unionaire,,
غسالة ملابس سعة 13 كجم من يونيون اير- UW130TPLA2SL,غسالة ملابس سعة 13 كجم من يونيون اير- UW130TPLA2SL,13695.0,15065.0,9.094%,https://unionaire.com/ar/product/%d8%ba%d8%b3%d8%a7%d9%84%d8%a9-%d9%85%d9%84%d8%a7%d8%a8%d8%b3-%d9%8a%d9%88%d9%86%d9%8a%d9%88%d9%86-%d8%a7%d9%8a%d8%b1%d8%b3%d8%b9%d8%a9-13-%d9%83%d8%ac%d9%85/,https://unionaire.com/wp-content/uploads/2021/05/Uni-LOGO2x.png,Unionaire,out_of_stock,home > general,,,,2026-06-13 13:43:42,Africa/Cairo,Unionaire,,
-يونيون اير – بوتجاز غاز جوستو – 4 شعلة – C66SSBDC427SOFGUAL,-يونيون اير – بوتجاز غاز جوستو – 4 شعلة – C66SSBDC427SOFGUAL,8375.0,9213.0,9.096%,https://unionaire.com/ar/product/يونيون-اير-بوتجاز-غاز-جوستو-4-شعلة-c55ssb/,https://unionaire.com/wp-content/uploads/2021/05/Uni-LOGO2x.png,Unionaire,out_of_stock,home > general,,,,2026-06-13 13:43:47,Africa/Cairo,Unionaire,,
ثلاجة – 440 لتر– نوفروست – من يونيون اير – ديجيتال – URN600LBG1ADTHRI,ثلاجة – 440 لتر– نوفروست – من يونيون اير – ديجيتال – URN600LBG1ADTHRI,21500.0,23650.0,9.091%,https://unionaire.com/ar/product/ثلاجة-440-لتر-نوفروست-من-يونيون-اير-3/,https://unionaire.com/wp-content/uploads/2021/05/Uni-LOGO2x.png,Unionaire,out_of_stock,home > general,,,,2026-06-13 13:43:53,Africa/Cairo,Unionaire,,600L
غسالة ملابس دايموند درام تاتش سعة 10 كجم من يونيون اير – UW100TPLB2MBK,غسالة ملابس دايموند درام تاتش سعة 10 كجم من يونيون اير – UW100TPLB2MBK,14399.0,15839.0,9.091%,https://unionaire.com/ar/product/غسالة-ملابس-يونيون-ايردايموند-درام-تا/,https://unionaire.com/wp-content/uploads/2021/05/Uni-LOGO2x.png,Unionaire,out_of_stock,home > general,,,,2026-06-13 13:44:01,Africa/Cairo,Unionaire,,
"Modern – Flat Built-In – Gas – From Unionaire -5 Burner – Ceramic, 90 cm – BH5090G8ISMD","Modern – Flat Built-In – Gas – From Unionaire -5 Burner – Ceramic, 90 cm – BH5090G8ISMD",7759.0,8535.0,9.092%,https://unionaire.com/product/modern-flat-built-in-gas-from-unionaire-5-burner-ceramic-90-cm-bh5090g8ismd/,https://unionaire.com/wp-content/uploads/2021/05/Uni-LOGO2x.png,Unionaire,out_of_stock,home > general,,,,2026-06-13 13:44:07,Africa/Cairo,Unionaire,,
ثلاجة – 420 لتر– نوفروست – من يونيون اير – ديجيتال – URN600CEPBLG1ADXHRBWLS,ثلاجة – 420 لتر– نوفروست – من يونيون اير – ديجيتال – URN600CEPBLG1ADXHRBWLS,25908.0,28499.0,9.092%,https://unionaire.com/ar/product/ثلاجة-505-لتر-نوفروست-من-يونيون-اير-5/,https://unionaire.com/wp-content/uploads/2021/05/Uni-LOGO2x.png,Unionaire,out_of_stock,home > general,,,,2026-06-13 13:44:17,Africa/Cairo,Unionaire,,
ديب فريزر راسي 7 درج نوفروست ديجيتال من يونيون اير 355 لتر – UFN355LBLBHADXSMI,ديب فريزر راسي 7 درج نوفروست ديجيتال من يونيون اير 355 لتر – UFN355LBLBHADXSMI,24000.0,26400.0,9.091%,https://unionaire.com/ar/product/ديب-فريزر-راسي-6-درج-نوفروست-ديجيتال-من-6/,https://unionaire.com/wp-content/uploads/2021/05/Uni-LOGO2x.png,Unionaire,out_of_stock,home > general,,,,2026-06-13 13:44:25,Africa/Cairo,Unionaire,,355L
يونيون اير – تكييف ارتيفاي 2.25 حصان- بارد فقط – ARTIFY 018_CR,يونيون اير – تكييف ارتيفاي 2.25 حصان- بارد فقط – ARTIFY 018_CR,27500.0,,,https://unionaire.com/ar/product/يونيون-اير-تكييف-ارتيفاي-2-25-حصان-بارد/,https://unionaire.com/wp-content/uploads/2021/05/Uni-LOGO2x.png,Unionaire,out_of_stock,home > general,,,,2026-06-13 13:44:32,Africa/Cairo,Unionaire,,
